{
  "model_name": "SVM (RBF)",
  "best_params": {
    "C": 1.0,
    "gamma": 0.01
  },
  "best_threshold": 0.321,
  "needs_scaling": true,
  "metrics": {
    "accuracy": 0.8571428571428571,
    "precision": 0.5555555555555556,
    "recall": 0.5319148936170213,
    "f1": 0.5434782608695652,
    "roc_auc": 0.8110948402101817
  },
  "train_time_s": 4.75
}