{
  "model_name": "Logistic Regression",
  "best_params": {
    "C": 0.1,
    "solver": "lbfgs"
  },
  "best_threshold": 0.638,
  "needs_scaling": true,
  "metrics": {
    "accuracy": 0.8503401360544217,
    "precision": 0.5306122448979592,
    "recall": 0.5531914893617021,
    "f1": 0.5416666666666666,
    "roc_auc": 0.8110087001464381
  },
  "train_time_s": 6.04
}